name,replanning_count_0,runtime,sim_step_count,task_percent_complete,task_state_success
object_semantics_history,20.35185185185185,257.61262753274707,2711.740740740741,0.624074074074074,0.46296296296296297
object_semantics_group,19.076923076923077,173.60601063875052,1818.8461538461538,0.7076923076923077,0.46153846153846156
object_semantics_preference,18.176470588235293,192.03075629122117,2280.4117647058824,0.5725490196078431,0.4117647058823529
object_semantics_ownership,13.5,141.5158616900444,1753.25,0.75,0.75
user_pattern_preference,18.154761904761905,306.8002581908589,3572.535714285714,0.37232142857142864,0.2976190476190476
user_pattern_routine,19.892857142857142,399.99536579847336,3942.535714285714,0.32916666666666666,0.14285714285714285
object_semantics_total,19.431818181818183,227.2562082816254,2452.943181818182,0.6321969696969695,0.4659090909090909
user_pattern_total,18.589285714285715,330.09903509276256,3665.035714285714,0.36153273809523817,0.25892857142857145
total_results,18.96,284.8481912958622,3131.715,0.480625,0.35
